id,number,name,team,teamCode,group,type,extraVariant
LOGO-00,0,Logo Panini,Panini,LOGO,,logo,
FWC-01,1,Logo Mundial - Parte Superior,FIFA,FWC,,fwc_special,
FWC-02,2,Logo Mundial - Parte Inferior,FIFA,FWC,,fwc_special,
FWC-03,3,Official Mascots,FIFA,FWC,,fwc_special,
FWC-04,4,Official Slogan,FIFA,FWC,,fwc_special,
FWC-05,5,Official Ball,FIFA,FWC,,fwc_special,
FWC-06,6,Canadá - Host Country Emblem,FIFA,FWC,,fwc_special,
FWC-07,7,México - Host Country Emblem,FIFA,FWC,,fwc_special,
FWC-08,8,USA - Host Country Emblem,FIFA,FWC,,fwc_special,
MEX-01,1,Escudo,Mexico,MEX,A,team_badge,
MEX-02,2,Luis Malagón,Mexico,MEX,A,player,
MEX-03,3,Johan Vásquez,Mexico,MEX,A,player,
MEX-04,4,Jorge Sánchez,Mexico,MEX,A,player,
MEX-05,5,César Montes,Mexico,MEX,A,player,
MEX-06,6,Jesus Gallardo,Mexico,MEX,A,player,
MEX-07,7,Israel Reyes,Mexico,MEX,A,player,
MEX-08,8,Diego Lainez,Mexico,MEX,A,player,
MEX-09,9,Carlos Rodríguez,Mexico,MEX,A,player,
MEX-10,10,Edson Álvarez,Mexico,MEX,A,player,
MEX-11,11,Orbelin Pineda,Mexico,MEX,A,player,
MEX-12,12,Marcel Ruiz,Mexico,MEX,A,player,
MEX-13,13,Foto Equipo,Mexico,MEX,A,player,
MEX-14,14,Erick Sánchez,Mexico,MEX,A,player,
MEX-15,15,Hirving Lozano,Mexico,MEX,A,player,
MEX-16,16,Santiago Giménez,Mexico,MEX,A,player,
MEX-17,17,Raúl Jiménez,Mexico,MEX,A,player,
MEX-18,18,Alexis Vega,Mexico,MEX,A,player,
MEX-19,19,Roberto Alvarado,Mexico,MEX,A,player,
MEX-20,20,César Huerta,Mexico,MEX,A,player,
RSA-01,1,Escudo,South Africa,RSA,A,team_badge,
RSA-02,2,Ronwen Williams,South Africa,RSA,A,player,
RSA-03,3,Sipho Chaine,South Africa,RSA,A,player,
RSA-04,4,Aubrey Modiba,South Africa,RSA,A,player,
RSA-05,5,Samukele Kabini,South Africa,RSA,A,player,
RSA-06,6,Khuliso Mudau,South Africa,RSA,A,player,
RSA-07,7,Khulumani Ndamane,South Africa,RSA,A,player,
RSA-08,8,Siyabonga Ngezana,South Africa,RSA,A,player,
RSA-09,9,Nkosinathi Sibisi,South Africa,RSA,A,player,
RSA-10,10,Teboho Mokoena,South Africa,RSA,A,player,
RSA-11,11,Thalente Mbatha,South Africa,RSA,A,player,
RSA-12,12,Bathusi Aubaas,South Africa,RSA,A,player,
RSA-13,13,Foto Equipo,South Africa,RSA,A,player,
RSA-14,14,Yaya Sithole,South Africa,RSA,A,player,
RSA-15,15,Sipho Mbule,South Africa,RSA,A,player,
RSA-16,16,Lyle Foster,South Africa,RSA,A,player,
RSA-17,17,Iqraam Rayners,South Africa,RSA,A,player,
RSA-18,18,Mohau Nkota,South Africa,RSA,A,player,
RSA-19,19,Oswin Appollis,South Africa,RSA,A,player,
KOR-01,1,Escudo,Korea Republic,KOR,A,team_badge,
KOR-02,2,Hyeonwoo Jo,Korea Republic,KOR,A,player,
KOR-03,3,Seunggyu Kim,Korea Republic,KOR,A,player,
KOR-04,4,Minjae Kim,Korea Republic,KOR,A,player,
KOR-05,5,Yumin Cho,Korea Republic,KOR,A,player,
KOR-06,6,Youngwoo Seol,Korea Republic,KOR,A,player,
KOR-07,7,Hanbeom Lee,Korea Republic,KOR,A,player,
KOR-08,8,Taeseok Lee,Korea Republic,KOR,A,player,
KOR-09,9,Myungjae Lee,Korea Republic,KOR,A,player,
KOR-10,10,Jaesung Lee,Korea Republic,KOR,A,player,
KOR-11,11,Inbeom Hwang,Korea Republic,KOR,A,player,
KOR-12,12,Kangin Lee,Korea Republic,KOR,A,player,
KOR-13,13,Foto Equipo,Korea Republic,KOR,A,player,
KOR-14,14,Seungho Paik,Korea Republic,KOR,A,player,
KOR-15,15,Jens Castrop,Korea Republic,KOR,A,player,
KOR-16,16,Donggyeong Lee,Korea Republic,KOR,A,player,
KOR-17,17,Guesung Cho,Korea Republic,KOR,A,player,
KOR-18,18,Heungmin Son,Korea Republic,KOR,A,player,
KOR-19,19,Heechan Hwang,Korea Republic,KOR,A,player,
KOR-20,20,Hyeongyu Oh,Korea Republic,KOR,A,player,
CZE-01,1,Escudo,Czechia,CZE,A,team_badge,
CZE-02,2,Matej Kovar,Czechia,CZE,A,player,
CZE-03,3,Jindrich Stanek,Czechia,CZE,A,player,
CZE-04,4,Ladislav Krejci,Czechia,CZE,A,player,
CZE-05,5,Vladimir Coufal,Czechia,CZE,A,player,
CZE-06,6,Jaroslav Zeleny,Czechia,CZE,A,player,
CZE-07,7,Tomas Holes,Czechia,CZE,A,player,
CZE-08,8,David Zima,Czechia,CZE,A,player,
CZE-09,9,Michal Sadilek,Czechia,CZE,A,player,
CZE-10,10,Lukas Provod,Czechia,CZE,A,player,
CZE-11,11,Lukas Cerv,Czechia,CZE,A,player,
CZE-12,12,Tomas Soucek,Czechia,CZE,A,player,
CZE-13,13,Foto Equipo,Czechia,CZE,A,player,
CZE-14,14,Pavel Sulc,Czechia,CZE,A,player,
CZE-15,15,Matej Vydra,Czechia,CZE,A,player,
CZE-16,16,Vasil Kusej,Czechia,CZE,A,player,
CZE-17,17,Tomas Chory,Czechia,CZE,A,player,
CZE-18,18,Vaclav Cerny,Czechia,CZE,A,player,
CZE-19,19,Adam Hlozek,Czechia,CZE,A,player,
CZE-20,20,Patrik Schick,Czechia,CZE,A,player,
CAN-01,1,Escudo,Canada,CAN,B,team_badge,
CAN-02,2,Dayne St. Clair,Canada,CAN,B,player,
CAN-03,3,Alphonso Davies,Canada,CAN,B,player,
CAN-04,4,Alistair Johnston,Canada,CAN,B,player,
CAN-05,5,Samuel Adekugbe,Canada,CAN,B,player,
CAN-06,6,Samuel Richie Larvea,Canada,CAN,B,player,
CAN-07,7,Derek Cornelius,Canada,CAN,B,player,
CAN-08,8,Moise Bombito,Canada,CAN,B,player,
CAN-09,9,Kamal Miller,Canada,CAN,B,player,
CAN-10,10,Stephen Eustaquio,Canada,CAN,B,player,
CAN-11,11,Ismael Kone,Canada,CAN,B,player,
CAN-12,12,Jonathan Osorio,Canada,CAN,B,player,
CAN-13,13,Foto Equipo,Canada,CAN,B,player,
CAN-14,14,Jacob Shaffelburg,Canada,CAN,B,player,
CAN-15,15,Mathieu Choinere,Canada,CAN,B,player,
CAN-16,16,Niko Sigur,Canada,CAN,B,player,
CAN-17,17,Tajon Buchanan,Canada,CAN,B,player,
CAN-18,18,Liam Millar,Canada,CAN,B,player,
CAN-19,19,Dyle Larin,Canada,CAN,B,player,
CAN-20,20,Jonathan David,Canada,CAN,B,player,
BIH-01,1,Escudo,Bosnia-Herzegovina,BIH,B,team_badge,
BIH-02,2,Nikola Vasilj,Bosnia-Herzegovina,BIH,B,player,
BIH-03,3,Amar Dedic,Bosnia-Herzegovina,BIH,B,player,
BIH-04,4,Sead Kolasinac,Bosnia-Herzegovina,BIH,B,player,
BIH-05,5,Tarik Muharemovic,Bosnia-Herzegovina,BIH,B,player,
BIH-06,6,Nihad Mujakic,Bosnia-Herzegovina,BIH,B,player,
BIH-07,7,Nikola Katic,Bosnia-Herzegovina,BIH,B,player,
BIH-08,8,Amir Hadziahmetovic,Bosnia-Herzegovina,BIH,B,player,
BIH-09,9,Benjamin Tahirovic,Bosnia-Herzegovina,BIH,B,player,
BIH-10,10,Armin Gigovic,Bosnia-Herzegovina,BIH,B,player,
BIH-11,11,Ivan Sunjic,Bosnia-Herzegovina,BIH,B,player,
BIH-12,12,Ivan Basic,Bosnia-Herzegovina,BIH,B,player,
BIH-13,13,Foto Equipo,Bosnia-Herzegovina,BIH,B,player,
BIH-14,14,Dzenis Burnic,Bosnia-Herzegovina,BIH,B,player,
BIH-15,15,Esmir Bajraktarevic,Bosnia-Herzegovina,BIH,B,player,
BIH-16,16,Amar Memic,Bosnia-Herzegovina,BIH,B,player,
BIH-17,17,Ermedin Demirovic,Bosnia-Herzegovina,BIH,B,player,
BIH-18,18,Edin Dzeko,Bosnia-Herzegovina,BIH,B,player,
BIH-19,19,Samed Bazdar,Bosnia-Herzegovina,BIH,B,player,
BIH-20,20,Haris Tabakovic,Bosnia-Herzegovina,BIH,B,player,
QAT-01,1,Escudo,Qatar,QAT,B,team_badge,
QAT-02,2,Meshaal Barsham,Qatar,QAT,B,player,
QAT-03,3,Sultan Albrake,Qatar,QAT,B,player,
QAT-04,4,Lucas Mendes,Qatar,QAT,B,player,
QAT-05,5,Homam Ahmed,Qatar,QAT,B,player,
QAT-06,6,Boualem Khoukhi,Qatar,QAT,B,player,
QAT-07,7,Pedro Miguel,Qatar,QAT,B,player,
QAT-08,8,Tarek Salman,Qatar,QAT,B,player,
QAT-09,9,Mohammed Mannai,Qatar,QAT,B,player,
QAT-10,10,Karim Boudiaf,Qatar,QAT,B,player,
QAT-11,11,Assim Madibo,Qatar,QAT,B,player,
QAT-12,12,Hamed Fatehi,Qatar,QAT,B,player,
QAT-13,13,Foto Equipo,Qatar,QAT,B,player,
QAT-14,14,Mohammed Waad,Qatar,QAT,B,player,
QAT-15,15,Abdulaziz Hatem,Qatar,QAT,B,player,
QAT-16,16,Hassan Al-Haydos,Qatar,QAT,B,player,
QAT-17,17,Edmilson Junior,Qatar,QAT,B,player,
QAT-18,18,Akram Hassan Afif,Qatar,QAT,B,player,
QAT-19,19,Ahmed Al-Ganehi,Qatar,QAT,B,player,
QAT-20,20,Almoez Ali,Qatar,QAT,B,player,
SUI-01,1,Escudo,Switzerland,SUI,B,team_badge,
SUI-02,2,Gregor Kobel,Switzerland,SUI,B,player,
SUI-03,3,Yvon Mvogo,Switzerland,SUI,B,player,
SUI-04,4,Manuel Akanji,Switzerland,SUI,B,player,
SUI-05,5,Ricardo Rodriguez,Switzerland,SUI,B,player,
SUI-06,6,Nico Elvedi,Switzerland,SUI,B,player,
SUI-07,7,Aurele Amenda,Switzerland,SUI,B,player,
SUI-08,8,Silvan Widmer,Switzerland,SUI,B,player,
SUI-09,9,Granit Xhaka,Switzerland,SUI,B,player,
SUI-10,10,Denis Zakaria,Switzerland,SUI,B,player,
SUI-11,11,Remo Freuler,Switzerland,SUI,B,player,
SUI-12,12,Fabian Rieder,Switzerland,SUI,B,player,
SUI-13,13,Foto Equipo,Switzerland,SUI,B,player,
SUI-14,14,Ardon Jashari,Switzerland,SUI,B,player,
SUI-15,15,Johan Manzambi,Switzerland,SUI,B,player,
SUI-16,16,Michel Aebischer,Switzerland,SUI,B,player,
SUI-17,17,Breel Embolo,Switzerland,SUI,B,player,
SUI-18,18,Ruben Vargas,Switzerland,SUI,B,player,
SUI-19,19,Dan Ndoye,Switzerland,SUI,B,player,
SUI-20,20,Zeki Amdouni,Switzerland,SUI,B,player,
BRA-01,1,Escudo,Brazil,BRA,C,team_badge,
BRA-02,2,Alisson,Brazil,BRA,C,player,
BRA-03,3,Bento,Brazil,BRA,C,player,
BRA-04,4,Marquinhos,Brazil,BRA,C,player,
BRA-05,5,Eder Militao,Brazil,BRA,C,player,
BRA-06,6,Gabriel Magalhaes,Brazil,BRA,C,player,
BRA-07,7,Danilo,Brazil,BRA,C,player,
BRA-08,8,Wesley,Brazil,BRA,C,player,
BRA-09,9,Lucas Paqueta,Brazil,BRA,C,player,
BRA-10,10,Casemiro,Brazil,BRA,C,player,
BRA-11,11,Bruno Guimaraes,Brazil,BRA,C,player,
BRA-12,12,Luiz Henrique,Brazil,BRA,C,player,
BRA-13,13,Foto Equipo,Brazil,BRA,C,player,
BRA-14,14,Vinicius Junior,Brazil,BRA,C,player,
BRA-15,15,Rodrygo,Brazil,BRA,C,player,
BRA-16,16,Joao Pedro,Brazil,BRA,C,player,
BRA-17,17,Matheus Cunha,Brazil,BRA,C,player,
BRA-18,18,Gabriel Martinelli,Brazil,BRA,C,player,
BRA-19,19,Raphinha,Brazil,BRA,C,player,
BRA-20,20,Estevao,Brazil,BRA,C,player,
MAR-01,1,Escudo,Morocco,MAR,C,team_badge,
MAR-02,2,Yassine Bounou,Morocco,MAR,C,player,
MAR-03,3,Munir El Kajoui,Morocco,MAR,C,player,
MAR-04,4,Achraf Hakimi,Morocco,MAR,C,player,
MAR-05,5,Noussair Mazraoui,Morocco,MAR,C,player,
MAR-06,6,Nayef Aguerd,Morocco,MAR,C,player,
MAR-07,7,Romain Saiss,Morocco,MAR,C,player,
MAR-08,8,Jawad El Yamiq,Morocco,MAR,C,player,
MAR-09,9,Adam Masina,Morocco,MAR,C,player,
MAR-10,10,Sofyan Amrabat,Morocco,MAR,C,player,
MAR-11,11,Azzedine Ounahi,Morocco,MAR,C,player,
MAR-12,12,Eliesse Ben Seghir,Morocco,MAR,C,player,
MAR-13,13,Foto Equipo,Morocco,MAR,C,player,
MAR-14,14,Bilal El Khannouss,Morocco,MAR,C,player,
MAR-15,15,Ismael Saibari,Morocco,MAR,C,player,
MAR-16,16,Youssef En-Nesyri,Morocco,MAR,C,player,
MAR-17,17,Abde Ezzalzouli,Morocco,MAR,C,player,
MAR-18,18,Soufiane Rahimi,Morocco,MAR,C,player,
MAR-19,19,Brahim Diaz,Morocco,MAR,C,player,
MAR-20,20,Ayoub El Kaabi,Morocco,MAR,C,player,
HAI-01,1,Escudo,Haiti,HAI,C,team_badge,
HAI-02,2,Johny Placide,Haiti,HAI,C,player,
HAI-03,3,Carlens Arcus,Haiti,HAI,C,player,
HAI-04,4,Martin Experience,Haiti,HAI,C,player,
HAI-05,5,Jean-Kevin Duverne,Haiti,HAI,C,player,
HAI-06,6,Ricardo Ade,Haiti,HAI,C,player,
HAI-07,7,Duke Lacroix,Haiti,HAI,C,player,
HAI-08,8,Garven Metusala,Haiti,HAI,C,player,
HAI-09,9,Hannes Delcroix,Haiti,HAI,C,player,
HAI-10,10,Leverton Pierre,Haiti,HAI,C,player,
HAI-11,11,Danley Jean Jacques,Haiti,HAI,C,player,
HAI-12,12,Jean-Ricner Bellegarde,Haiti,HAI,C,player,
HAI-13,13,Foto Equipo,Haiti,HAI,C,player,
HAI-14,14,Christopher Attys,Haiti,HAI,C,player,
HAI-15,15,Derrick Etienne Jr.,Haiti,HAI,C,player,
HAI-16,16,Josue Casimir,Haiti,HAI,C,player,
HAI-17,17,Ruben Providence,Haiti,HAI,C,player,
HAI-18,18,Duckens Nazon,Haiti,HAI,C,player,
HAI-19,19,Louicius Deedson,Haiti,HAI,C,player,
HAI-20,20,Frantzdy Pierrot,Haiti,HAI,C,player,
SCO-01,1,Escudo,Scotland,SCO,C,team_badge,
SCO-02,2,Angus Gunn,Scotland,SCO,C,player,
SCO-03,3,Jack Hendry,Scotland,SCO,C,player,
SCO-04,4,Kieran Tierney,Scotland,SCO,C,player,
SCO-05,5,Aaron Hickey,Scotland,SCO,C,player,
SCO-06,6,Andrew Robertson,Scotland,SCO,C,player,
SCO-07,7,Scott McKenna,Scotland,SCO,C,player,
SCO-08,8,John Souttar,Scotland,SCO,C,player,
SCO-09,9,Anthony Ralston,Scotland,SCO,C,player,
SCO-10,10,Grant Hanley,Scotland,SCO,C,player,
SCO-11,11,Scott McTominay,Scotland,SCO,C,player,
SCO-12,12,Billy Gilmour,Scotland,SCO,C,player,
SCO-13,13,Foto Equipo,Scotland,SCO,C,player,
SCO-14,14,Lewis Ferguson,Scotland,SCO,C,player,
SCO-15,15,Ryan Christie,Scotland,SCO,C,player,
SCO-16,16,Kenny McLean,Scotland,SCO,C,player,
SCO-17,17,John McGinn,Scotland,SCO,C,player,
SCO-18,18,Lyndon Dykes,Scotland,SCO,C,player,
SCO-19,19,Che Adams,Scotland,SCO,C,player,
SCO-20,20,Ben Gannon-Doak,Scotland,SCO,C,player,
USA-01,1,Escudo,USA,USA,D,team_badge,
USA-02,2,Matt Freese,USA,USA,D,player,
USA-03,3,Chris Richards,USA,USA,D,player,
USA-04,4,Tim Ream,USA,USA,D,player,
USA-05,5,Mark McKenzie,USA,USA,D,player,
USA-06,6,Alex Freeman,USA,USA,D,player,
USA-07,7,Antonee Robinson,USA,USA,D,player,
USA-08,8,Tyler Adams,USA,USA,D,player,
USA-09,9,Tanner Tessmann,USA,USA,D,player,
USA-10,10,Weston McKennie,USA,USA,D,player,
USA-11,11,Christian Roldan,USA,USA,D,player,
USA-12,12,Timothy Weah,USA,USA,D,player,
USA-13,13,Foto Equipo,USA,USA,D,player,
USA-14,14,Diego Luna,USA,USA,D,player,
USA-15,15,Malik Tillman,USA,USA,D,player,
USA-16,16,Christian Pulisic,USA,USA,D,player,
USA-17,17,Brenden Aaronson,USA,USA,D,player,
USA-18,18,Ricardo Pepi,USA,USA,D,player,
USA-19,19,Haji Wright,USA,USA,D,player,
USA-20,20,Folarin Balogun,USA,USA,D,player,
PAR-01,1,Escudo,Paraguay,PAR,D,team_badge,
PAR-02,2,Roberto Fernandez,Paraguay,PAR,D,player,
PAR-03,3,Orlando Gill,Paraguay,PAR,D,player,
PAR-04,4,Diego Gomez,Paraguay,PAR,D,player,
PAR-05,5,Fabian Balbuena,Paraguay,PAR,D,player,
PAR-06,6,Juan Jose Caceres,Paraguay,PAR,D,player,
PAR-07,7,Omar Alderete,Paraguay,PAR,D,player,
PAR-08,8,Junior Alonso,Paraguay,PAR,D,player,
PAR-09,9,Mathias Villasanti,Paraguay,PAR,D,player,
PAR-10,10,Diego Gomez,Paraguay,PAR,D,player,
PAR-11,11,Damian Bobadilla,Paraguay,PAR,D,player,
PAR-12,12,Andres Cubas,Paraguay,PAR,D,player,
PAR-13,13,Foto Equipo,Paraguay,PAR,D,player,
PAR-14,14,Matias Galarza Fonda,Paraguay,PAR,D,player,
PAR-15,15,Julio Enciso,Paraguay,PAR,D,player,
PAR-16,16,Alejandro Romero Gamarra,Paraguay,PAR,D,player,
PAR-17,17,Miguel Almirón,Paraguay,PAR,D,player,
PAR-18,18,Ramón Sosa,Paraguay,PAR,D,player,
PAR-19,19,Angel Romero,Paraguay,PAR,D,player,
PAR-20,20,Antonio Sanabria,Paraguay,PAR,D,player,
AUS-01,1,Escudo,Australia,AUS,D,team_badge,
AUS-02,2,Mathew Ryan,Australia,AUS,D,player,
AUS-03,3,Joe Gauci,Australia,AUS,D,player,
AUS-04,4,Harry Souttar,Australia,AUS,D,player,
AUS-05,5,Alessandro Circati,Australia,AUS,D,player,
AUS-06,6,Jordan Bos,Australia,AUS,D,player,
AUS-07,7,Aziz Behich,Australia,AUS,D,player,
AUS-08,8,Cameron Burgess,Australia,AUS,D,player,
AUS-09,9,Lewis Miller,Australia,AUS,D,player,
AUS-10,10,Milos Degenek,Australia,AUS,D,player,
AUS-11,11,Jackson Irvine,Australia,AUS,D,player,
AUS-12,12,Riley McGree,Australia,AUS,D,player,
AUS-13,13,Foto Equipo,Australia,AUS,D,player,
AUS-14,14,Aiden O-Neill,Australia,AUS,D,player,
AUS-15,15,Connor Metcalfe,Australia,AUS,D,player,
AUS-16,16,Patrick Yazbek,Australia,AUS,D,player,
AUS-17,17,Craig Goodwin,Australia,AUS,D,player,
AUS-18,18,Kusini Yengi,Australia,AUS,D,player,
AUS-19,19,Nestory Irankunda,Australia,AUS,D,player,
AUS-20,20,Mohamed Toure,Australia,AUS,D,player,
TUR-01,1,Escudo, Turkiye,TUR,D,team_badge,
TUR-02,2,Ugurcan Cakir, Turkiye,TUR,D,player,
TUR-03,3,Mert Muldur, Turkiye,TUR,D,player,
TUR-04,4,Zeki Celik, Turkiye,TUR,D,player,
TUR-05,5,Abdulkadir Malian, Turkiye,TUR,D,player,
TUR-06,6,Caglar Soyuncu, Turkiye,TUR,D,player,
TUR-07,7,Merih Demiral, Turkiye,TUR,D,player,
TUR-08,8,Ferdi Kadioglu, Turkiye,TUR,D,player,
TUR-09,9,Kaan Ayhan, Turkiye,TUR,D,player,
TUR-10,10,Ismail Yuksek, Turkiye,TUR,D,player,
TUR-11,11,Hakan Calhanoglu, Turkiye,TUR,D,player,
TUR-12,12,Orkun Kokcu, Turkiye,TUR,D,player,
TUR-13,13,Foto Equipo, Turkiye,TUR,D,player,
TUR-14,14,Arda Guler, Turkiye,TUR,D,player,
TUR-15,15,Irfan Can Kahveci, Turkiye,TUR,D,player,
TUR-16,16,Yunus Akgün, Turkiye,TUR,D,player,
TUR-17,17,Can Uzun, Turkiye,TUR,D,player,
TUR-18,18,Baris Alper Yilmaz, Turkiye,TUR,D,player,
TUR-19,19,Kerem Akturkoglu, Turkiye,TUR,D,player,
TUR-20,20,Kenan Yildiz, Turkiye,TUR,D,player,
GER-01,1,Escudo,Germany,GER,E,team_badge,
GER-02,2,Marc-Andre ter Stegen,Germany,GER,E,player,
GER-03,3,Jonathan Tah,Germany,GER,E,player,
GER-04,4,David Raum,Germany,GER,E,player,
GER-05,5,Nico Schlotterbeck,Germany,GER,E,player,
GER-06,6,Antonio Rudiger,Germany,GER,E,player,
GER-07,7,Waldemar Anton,Germany,GER,E,player,
GER-08,8,Ridle Baku,Germany,GER,E,player,
GER-09,9,Maximilian Mittelstadt,Germany,GER,E,player,
GER-10,10,Joshua Kimmich,Germany,GER,E,player,
GER-11,11,Florian Wirtz,Germany,GER,E,player,
GER-12,12,Felix Nmecha,Germany,GER,E,player,
GER-13,13,Foto Equipo,Germany,GER,E,player,
GER-14,14,Leon Goretzka,Germany,GER,E,player,
GER-15,15,Jamal Musiala,Germany,GER,E,player,
GER-16,16,Serge Gnabry,Germany,GER,E,player,
GER-17,17,Kai Havertz,Germany,GER,E,player,
GER-18,18,Leroy Sane,Germany,GER,E,player,
GER-19,19,Karim Adeyemi,Germany,GER,E,player,
GER-20,20,Nick Woltemade,Germany,GER,E,player,
CUW-01,1,Escudo, Curacao,CUW,E,team_badge,
CUW-02,2,Eloy Room, Curacao,CUW,E,player,
CUW-03,3,Armando Obispo, Curacao,CUW,E,player,
CUW-04,4,Sherel Floranus, Curacao,CUW,E,player,
CUW-05,5,Jurien Gaari, Curacao,CUW,E,player,
CUW-06,6,Joshua Bremet, Curacao,CUW,E,player,
CUW-07,7,Roshon Van Eijma, Curacao,CUW,E,player,
CUW-08,8,Shurandy Sambo, Curacao,CUW,E,player,
CUW-09,9,Livano Comenencia, Curacao,CUW,E,player,
CUW-10,10,Godfried Roemeratoe, Curacao,CUW,E,player,
CUW-11,11,Juninho Bacuna, Curacao,CUW,E,player,
CUW-12,12,Leandro Bacuna, Curacao,CUW,E,player,
CUW-13,13,Foto Equipo, Curacao,CUW,E,player,
CUW-14,14,Tahith Chong, Curacao,CUW,E,player,
CUW-15,15,Kenji Gorre, Curacao,CUW,E,player,
CUW-16,16,Jearl Margaritha, Curacao,CUW,E,player,
CUW-17,17,Jurgen Locadia, Curacao,CUW,E,player,
CUW-18,18,Jeremy Antonisse, Curacao,CUW,E,player,
CUW-19,19,Gervane Kastaneer, Curacao,CUW,E,player,
CUW-20,20,Sontje Hansen, Curacao,CUW,E,player,
CIV-01,1,Escudo,Cote d-Ivoire,CIV,E,team_badge,
CIV-02,2,Yahia Fofana,Cote d-Ivoire,CIV,E,player,
CIV-03,3,Ghislain Konan,Cote d-Ivoire,CIV,E,player,
CIV-04,4,Wilfried Singo,Cote d-Ivoire,CIV,E,player,
CIV-05,5,Odilon Kossounou,Cote d-Ivoire,CIV,E,player,
CIV-06,6,Evan Ndicka,Cote d-Ivoire,CIV,E,player,
CIV-07,7,Willy Boly,Cote d-Ivoire,CIV,E,player,
CIV-08,8,Emmanuel Agbadou,Cote d-Ivoire,CIV,E,player,
CIV-09,9,Ousmane Diomande,Cote d-Ivoire,CIV,E,player,
CIV-10,10,Franck Kessie,Cote d-Ivoire,CIV,E,player,
CIV-11,11,Seko Fofana,Cote d-Ivoire,CIV,E,player,
CIV-12,12,Ibrahim Sangare,Cote d-Ivoire,CIV,E,player,
CIV-13,13,Foto Equipo,Cote d-Ivoire,CIV,E,player,
CIV-14,14,Jean-Philippe Gbamin,Cote d-Ivoire,CIV,E,player,
CIV-15,15,Amad Diallo,Cote d-Ivoire,CIV,E,player,
CIV-16,16,Sebastien Haller,Cote d-Ivoire,CIV,E,player,
CIV-17,17,Simon Adingra,Cote d-Ivoire,CIV,E,player,
CIV-18,18,Yan Diomande,Cote d-Ivoire,CIV,E,player,
CIV-19,19,Evann Guessand,Cote d-Ivoire,CIV,E,player,
CIV-20,20,Oumar Diakite,Cote d-Ivoire,CIV,E,player,
ECU-01,1,Escudo,Ecuador,ECU,E,team_badge,
ECU-02,2,Herna Galindez,Ecuador,ECU,E,player,
ECU-03,3,Gonzalo Valle,Ecuador,ECU,E,player,
ECU-04,4,Piero Hincapie,Ecuador,ECU,E,player,
ECU-05,5,Pervis Estupinan,Ecuador,ECU,E,player,
ECU-06,6,Willian Pacho,Ecuador,ECU,E,player,
ECU-07,7,Angelo Preciado,Ecuador,ECU,E,player,
ECU-08,8,Joel Ordonez,Ecuador,ECU,E,player,
ECU-09,9,Moises Caicedo,Ecuador,ECU,E,player,
ECU-10,10,Alan Franco,Ecuador,ECU,E,player,
ECU-11,11,Kendry Paez,Ecuador,ECU,E,player,
ECU-12,12,Pedro Vite,Ecuador,ECU,E,player,
ECU-13,13,Foto Equipo,Ecuador,ECU,E,player,
ECU-14,14,John Yeboah,Ecuador,ECU,E,player,
ECU-15,15,Leonardo Campana,Ecuador,ECU,E,player,
ECU-16,16,Gonzalo Plata,Ecuador,ECU,E,player,
ECU-17,17,Nilson Angulo,Ecuador,ECU,E,player,
ECU-18,18,Alan Minda,Ecuador,ECU,E,player,
ECU-19,19,Kevin Rodriguez,Ecuador,ECU,E,player,
ECU-20,20,Enner Valencia,Ecuador,ECU,E,player,
NED-01,1,Escudo,Netherlands,NED,F,team_badge,
NED-02,2,Bart Verbruggen,Netherlands,NED,F,player,
NED-03,3,Virgil van Dijk,Netherlands,NED,F,player,
NED-04,4,Micky van de Ven,Netherlands,NED,F,player,
NED-05,5,Jurrien Timber,Netherlands,NED,F,player,
NED-06,6,Denzel Dumfries,Netherlands,NED,F,player,
NED-07,7,Nathan Ake,Netherlands,NED,F,player,
NED-08,8,Jeremie Frimpong,Netherlands,NED,F,player,
NED-09,9,Jan Paul van Hecke,Netherlands,NED,F,player,
NED-10,10,Tijjani Reijnders,Netherlands,NED,F,player,
NED-11,11,Ryan Gravenberch,Netherlands,NED,F,player,
NED-12,12,Teun Koopmeiners,Netherlands,NED,F,player,
NED-13,13,Foto Equipo,Netherlands,NED,F,player,
NED-14,14,Frenkie de Jong,Netherlands,NED,F,player,
NED-15,15,Xavi Simons,Netherlands,NED,F,player,
NED-16,16,Justin Kluivert,Netherlands,NED,F,player,
NED-17,17,Memphis Depay,Netherlands,NED,F,player,
NED-18,18,Donyel Malen,Netherlands,NED,F,player,
NED-19,19,Wout Weghorst,Netherlands,NED,F,player,
NED-20,20,Cody Gakpo,Netherlands,NED,F,player,
JPN-01,1,Escudo,Japan,JPN,F,team_badge,
JPN-02,2,Zion Suzuki,Japan,JPN,F,player,
JPN-03,3,Heroki Mochizuki,Japan,JPN,F,player,
JPN-04,4,Ayumu Seko,Japan,JPN,F,player,
JPN-05,5,Junnosuke Suzuki,Japan,JPN,F,player,
JPN-06,6,Shogo Taniguchi,Japan,JPN,F,player,
JPN-07,7,Tsuyoshi Watanabe,Japan,JPN,F,player,
JPN-08,8,Kaishu Sano,Japan,JPN,F,player,
JPN-09,9,Yuki Soma,Japan,JPN,F,player,
JPN-10,10,Ao Tanaka,Japan,JPN,F,player,
JPN-11,11,Daichi Kamada,Japan,JPN,F,player,
JPN-12,12,Takefusa Kubo,Japan,JPN,F,player,
JPN-13,13,Foto Equipo,Japan,JPN,F,player,
JPN-14,14,Ritsu Doan,Japan,JPN,F,player,
JPN-15,15,Keito Nakamura,Japan,JPN,F,player,
JPN-16,16,Takumi Minamino,Japan,JPN,F,player,
JPN-17,17,Shuto Machino,Japan,JPN,F,player,
JPN-18,18,Junya Ito,Japan,JPN,F,player,
JPN-19,19,Koki Ogawa,Japan,JPN,F,player,
JPN-20,20,Ayase Ueda,Japan,JPN,F,player,
SWE-01,1,Escudo,Sweden,SWE,F,team_badge,
SWE-02,2,Viktor Johansson,Sweden,SWE,F,player,
SWE-03,3,Isak Hien,Sweden,SWE,F,player,
SWE-04,4,Gabriel Dudmundsson,Sweden,SWE,F,player,
SWE-05,5,Emil Holm,Sweden,SWE,F,player,
SWE-06,6,Victor Nilsson Lindelof,Sweden,SWE,F,player,
SWE-07,7,Gustaf Lagerbielke,Sweden,SWE,F,player,
SWE-08,8,Lucas Bergvall,Sweden,SWE,F,player,
SWE-09,9,Hugo Larsson,Sweden,SWE,F,player,
SWE-10,10,Jesper Karlstrom,Sweden,SWE,F,player,
SWE-11,11,Yasin Ayari,Sweden,SWE,F,player,
SWE-12,12,Mattias Svanberg,Sweden,SWE,F,player,
SWE-13,13,Foto Equipo,Sweden,SWE,F,player,
SWE-14,14,Daniel Svensson,Sweden,SWE,F,player,
SWE-15,15,Ken Sema,Sweden,SWE,F,player,
SWE-16,16,Roony Bardghji,Sweden,SWE,F,player,
SWE-17,17,Dejan Kulusevski,Sweden,SWE,F,player,
SWE-18,18,Anthony Elanga,Sweden,SWE,F,player,
SWE-19,19,Alexander Isak,Sweden,SWE,F,player,
SWE-20,20,Viktor Gyokeres,Sweden,SWE,F,player,
TUN-01,1,Escudo,Tunisia,TUN,F,team_badge,
TUN-02,2,Bechir Ben Said,Tunisia,TUN,F,player,
TUN-03,3,Aymen Dahmen,Tunisia,TUN,F,player,
TUN-04,4,Van Valery,Tunisia,TUN,F,player,
TUN-05,5,Montassar Talbi,Tunisia,TUN,F,player,
TUN-06,6,Yassine Meriah,Tunisia,TUN,F,player,
TUN-07,7,Ali Abdi,Tunisia,TUN,F,player,
TUN-08,8,Dylan Bronn,Tunisia,TUN,F,player,
TUN-09,9,Ellyes Skhiri,Tunisia,TUN,F,player,
TUN-10,10,Aissa Laidouni,Tunisia,TUN,F,player,
TUN-11,11,Ferjani Sassi,Tunisia,TUN,F,player,
TUN-12,12,Mohamed Ali Ben Romdhane,Tunisia,TUN,F,player,
TUN-13,13,Foto Equipo,Tunisia,TUN,F,player,
TUN-14,14,Hannibal Mejbri,Tunisia,TUN,F,player,
TUN-15,15,Elias Achouri,Tunisia,TUN,F,player,
TUN-16,16,Elias Saad,Tunisia,TUN,F,player,
TUN-17,17,Hazem Mastouri,Tunisia,TUN,F,player,
TUN-18,18,Ismael Gharbi,Tunisia,TUN,F,player,
TUN-19,19,Sayfallah Ltaief,Tunisia,TUN,F,player,
TUN-20,20,Naim Sliti,Tunisia,TUN,F,player,
BEL-01,1,Escudo,Belgium,BEL,G,team_badge,
BEL-02,2,Thibaut Courtois,Belgium,BEL,G,player,
BEL-03,3,Arthur Theate,Belgium,BEL,G,player,
BEL-04,4,Timothy Castagne,Belgium,BEL,G,player,
BEL-05,5,Zeno Debast,Belgium,BEL,G,player,
BEL-06,6,Brandon Mechele,Belgium,BEL,G,player,
BEL-07,7,Maxim De Cuyper,Belgium,BEL,G,player,
BEL-08,8,Thomas Meunier,Belgium,BEL,G,player,
BEL-09,9,Youri Tieleman,Belgium,BEL,G,player,
BEL-10,10,Amadou Onana,Belgium,BEL,G,player,
BEL-11,11,Nicolas Raskin,Belgium,BEL,G,player,
BEL-12,12,Alexis Saelemaekers,Belgium,BEL,G,player,
BEL-13,13,Foto Equipo,Belgium,BEL,G,player,
BEL-14,14,Hans Vanaken,Belgium,BEL,G,player,
BEL-15,15,Kevin De Bruyne,Belgium,BEL,G,player,
BEL-16,16,Jeremy Doku,Belgium,BEL,G,player,
BEL-17,17,Charles de Ketelaere,Belgium,BEL,G,player,
BEL-18,18,Leandro Trossard,Belgium,BEL,G,player,
BEL-19,19,Lois Openda,Belgium,BEL,G,player,
BEL-20,20,Romelu Lukaku,Belgium,BEL,G,player,
EGY-01,1,Escudo,Egypt,EGY,G,team_badge,
EGY-02,2,Mohamed Elshenawy,Egypt,EGY,G,player,
EGY-03,3,Mohamed Hany,Egypt,EGY,G,player,
EGY-04,4,Mohamed Hamdy,Egypt,EGY,G,player,
EGY-05,5,Yasser Ibrahim,Egypt,EGY,G,player,
EGY-06,6,Khaled Sobhi,Egypt,EGY,G,player,
EGY-07,7,Ramy Rabia,Egypt,EGY,G,player,
EGY-08,8,Hossam Abdelmaguid,Egypt,EGY,G,player,
EGY-09,9,Ahmes Fatouh,Egypt,EGY,G,player,
EGY-10,10,Marwan Attia,Egypt,EGY,G,player,
EGY-11,11,Zizo,Egypt,EGY,G,player,
EGY-12,12,Hamdy Fathy,Egypt,EGY,G,player,
EGY-13,13,Foto Equipo,Egypt,EGY,G,player,
EGY-14,14,Mohanad Lasheen,Egypt,EGY,G,player,
EGY-15,15,Emam Ashour,Egypt,EGY,G,player,
EGY-16,16,Osama Faisal,Egypt,EGY,G,player,
EGY-17,17,Mohamed Salah,Egypt,EGY,G,player,
EGY-18,18,Mostafa Mohamed,Egypt,EGY,G,player,
EGY-19,19,Trezeguet,Egypt,EGY,G,player,
EGY-20,20,Omar Marsmoush,Egypt,EGY,G,player,
IRN-01,1,Escudo,IR Iran,IRN,G,team_badge,
IRN-02,2,Alireza Beiranvand,IR Iran,IRN,G,player,
IRN-03,3,Morteza Pouraliganji,IR Iran,IRN,G,player,
IRN-04,4,Ehsan Hajsafi,IR Iran,IRN,G,player,
IRN-05,5,Milad Mohammadi,IR Iran,IRN,G,player,
IRN-06,6,Shojae Khalilzadeh,IR Iran,IRN,G,player,
IRN-07,7,Ramin Rezaeian,IR Iran,IRN,G,player,
IRN-08,8,Hossein Kanaani,IR Iran,IRN,G,player,
IRN-09,9,Saeid Moharrami,IR Iran,IRN,G,player,
IRN-10,10,Saleh Hardani,IR Iran,IRN,G,player,
IRN-11,11,Saeed Ezatolahi,IR Iran,IRN,G,player,
IRN-12,12,Saman Ghoddos,IR Iran,IRN,G,player,
IRN-13,13,Foto Equipo,IR Iran,IRN,G,player,
IRN-14,14,Omid Noorafkan,IR Iran,IRN,G,player,
IRN-15,15,Roozbeh Cheshmi,IR Iran,IRN,G,player,
IRN-16,16,Mohammad Mohebi,IR Iran,IRN,G,player,
IRN-17,17,Sardar Azmoun,IR Iran,IRN,G,player,
IRN-18,18,Mehdi Taremi,IR Iran,IRN,G,player,
IRN-19,19,Alireza Jahanbakhsh,IR Iran,IRN,G,player,
IRN-20,20,Ali Gholizadeh,IR Iran,IRN,G,player,
NZL-01,1,Escudo,New Zealand,NZL,G,team_badge,
NZL-02,2,Max Crocombe,New Zealand,NZL,G,player,
NZL-03,3,Alex Paulsen,New Zealand,NZL,G,player,
NZL-04,4,Michael Boxall,New Zealand,NZL,G,player,
NZL-05,5,Liberato Cacace,New Zealand,NZL,G,player,
NZL-06,6,Tim Payne,New Zealand,NZL,G,player,
NZL-07,7,Tyler Bindon,New Zealand,NZL,G,player,
NZL-08,8,Francis de Vries,New Zealand,NZL,G,player,
NZL-09,9,Finn Surman,New Zealand,NZL,G,player,
NZL-10,10,Joe Bell,New Zealand,NZL,G,player,
NZL-11,11,Sarpreet Singh,New Zealand,NZL,G,player,
NZL-12,12,Ryan Thomas,New Zealand,NZL,G,player,
NZL-13,13,Foto Equipo,New Zealand,NZL,G,player,
NZL-14,14,Matthew Garbett,New Zealand,NZL,G,player,
NZL-15,15,Marko Stamenic,New Zealand,NZL,G,player,
NZL-16,16,Ben Old,New Zealand,NZL,G,player,
NZL-17,17,Chris Wood,New Zealand,NZL,G,player,
NZL-18,18,Elijah Just,New Zealand,NZL,G,player,
NZL-19,19,Callum McCowatt,New Zealand,NZL,G,player,
NZL-20,20,Kosta Barbarouses,New Zealand,NZL,G,player,
ESP-01,1,Escudo,Spain,ESP,H,team_badge,
ESP-02,2,Unai Simon,Spain,ESP,H,player,
ESP-03,3,Robin Le Normand,Spain,ESP,H,player,
ESP-04,4,Aymeric Laporte,Spain,ESP,H,player,
ESP-05,5,Dean Huijsen,Spain,ESP,H,player,
ESP-06,6,Pedro Porro,Spain,ESP,H,player,
ESP-07,7,Dani Carvajal,Spain,ESP,H,player,
ESP-08,8,Marc Cucurella,Spain,ESP,H,player,
ESP-09,9,Martin Zubimendi,Spain,ESP,H,player,
ESP-10,10,Rodri,Spain,ESP,H,player,
ESP-11,11,Pedri,Spain,ESP,H,player,
ESP-12,12,Fabian Ruiz,Spain,ESP,H,player,
ESP-13,13,Foto Equipo,Spain,ESP,H,player,
ESP-14,14,Mikel Merino,Spain,ESP,H,player,
ESP-15,15,Lamine Yamal,Spain,ESP,H,player,
ESP-16,16,Dani Olmo,Spain,ESP,H,player,
ESP-17,17,Nico Williams,Spain,ESP,H,player,
ESP-18,18,Ferran Torres,Spain,ESP,H,player,
ESP-19,19,Alvaro Morata,Spain,ESP,H,player,
ESP-20,20,Mikel Oyarzabal,Spain,ESP,H,player,
CPV-01,1,Escudo,Cabo Verde,CPV,H,team_badge,
CPV-02,2,Vozinha,Cabo Verde,CPV,H,player,
CPV-03,3,Logan Costa,Cabo Verde,CPV,H,player,
CPV-04,4,Pico,Cabo Verde,CPV,H,player,
CPV-05,5,Dinev,Cabo Verde,CPV,H,player,
CPV-06,6,Steven Moreira,Cabo Verde,CPV,H,player,
CPV-07,7,Wagner Pina,Cabo Verde,CPV,H,player,
CPV-08,8,Joao Paulo,Cabo Verde,CPV,H,player,
CPV-09,9,Yannick Semedo,Cabo Verde,CPV,H,player,
CPV-10,10,Kevin Pina,Cabo Verde,CPV,H,player,
CPV-11,11,Patrick Andrade,Cabo Verde,CPV,H,player,
CPV-12,12,Jamiro Monteiro,Cabo Verde,CPV,H,player,
CPV-13,13,Foto Equipo,Cabo Verde,CPV,H,player,
CPV-14,14,Deroy Duarte,Cabo Verde,CPV,H,player,
CPV-15,15,Garry Rodrigues,Cabo Verde,CPV,H,player,
CPV-16,16,Jovane Cabral,Cabo Verde,CPV,H,player,
CPV-17,17,Ryan Mendes,Cabo Verde,CPV,H,player,
CPV-18,18,Dailon Livramento,Cabo Verde,CPV,H,player,
CPV-19,19,Willy Semedo,Cabo Verde,CPV,H,player,
CPV-20,20,Beb,Cabo Verde,CPV,H,player,
KSA-01,1,Escudo,Saudi Arabia,KSA,H,team_badge,
KSA-02,2,Nawaf Alaqidi,Saudi Arabia,KSA,H,player,
KSA-03,3,Abdulrahman Alsanbi,Saudi Arabia,KSA,H,player,
KSA-04,4,Saud Abdulhamid,Saudi Arabia,KSA,H,player,
KSA-05,5,Nawaf Bouwashl,Saudi Arabia,KSA,H,player,
KSA-06,6,Jehad Thikri,Saudi Arabia,KSA,H,player,
KSA-07,7,Moteb AlHarbi,Saudi Arabia,KSA,H,player,
KSA-08,8,Hassan Altambakti,Saudi Arabia,KSA,H,player,
KSA-09,9,Musab Aljuwayr,Saudi Arabia,KSA,H,player,
KSA-10,10,Ziyad Aljohani,Saudi Arabia,KSA,H,player,
KSA-11,11,Abdullah Alkhaibari,Saudi Arabia,KSA,H,player,
KSA-12,12,Nasser Aldawsari,Saudi Arabia,KSA,H,player,
KSA-13,13,Foto Equipo,Saudi Arabia,KSA,H,player,
KSA-14,14,Saleh Abu Alshamat,Saudi Arabia,KSA,H,player,
KSA-15,15,Marwan Alsahafi,Saudi Arabia,KSA,H,player,
KSA-16,16,Salem Aldawsari,Saudi Arabia,KSA,H,player,
KSA-17,17,Abdulrahman Alobud,Saudi Arabia,KSA,H,player,
KSA-18,18,Feras Albrikan,Saudi Arabia,KSA,H,player,
KSA-19,19,Saleh Alshehri,Saudi Arabia,KSA,H,player,
KSA-20,20,Abdullah Alhamdan,Saudi Arabia,KSA,H,player,
URU-01,1,Escudo,Uruguay,URU,H,team_badge,
URU-02,2,Sergio Rochet,Uruguay,URU,H,player,
URU-03,3,Santiago Mele,Uruguay,URU,H,player,
URU-04,4,Ronald Araujo,Uruguay,URU,H,player,
URU-05,5,Jose Maria Gimenez,Uruguay,URU,H,player,
URU-06,6,Sebastian Caceres,Uruguay,URU,H,player,
URU-07,7,Mathias Olivera,Uruguay,URU,H,player,
URU-08,8,Guillermo Varela,Uruguay,URU,H,player,
URU-09,9,Nahitan Nandez,Uruguay,URU,H,player,
URU-10,10,Federico Valverde,Uruguay,URU,H,player,
URU-11,11,Giorgian de Arrascaeta,Uruguay,URU,H,player,
URU-12,12,Rodrigo Bentancur,Uruguay,URU,H,player,
URU-13,13,Foto Equipo,Uruguay,URU,H,player,
URU-14,14,Manuel Ugarte,Uruguay,URU,H,player,
URU-15,15,Nicolas de la Cruz,Uruguay,URU,H,player,
URU-16,16,Maxi Araujo,Uruguay,URU,H,player,
URU-17,17,Darwin Nunez,Uruguay,URU,H,player,
URU-18,18,Federico Vinas,Uruguay,URU,H,player,
URU-19,19,Rodrigo Aguirre,Uruguay,URU,H,player,
URU-20,20,Facundo Pellistri,Uruguay,URU,H,player,
FRA-01,1,Escudo,France,FRA,I,team_badge,
FRA-02,2,Mike Maignan,France,FRA,I,player,
FRA-03,3,Theo Hernandez,France,FRA,I,player,
FRA-04,4,William Saliba,France,FRA,I,player,
FRA-05,5,Jules Kounde,France,FRA,I,player,
FRA-06,6,Ibrahima Konate,France,FRA,I,player,
FRA-07,7,Dayot Upamecano,France,FRA,I,player,
FRA-08,8,Lucas Digne,France,FRA,I,player,
FRA-09,9,Aurelien Tchouameni,France,FRA,I,player,
FRA-10,10,Eduardo Camavinga,France,FRA,I,player,
FRA-11,11,Manu Kone,France,FRA,I,player,
FRA-12,12,Adrien Rabiot,France,FRA,I,player,
FRA-13,13,Foto Equipo,France,FRA,I,player,
FRA-14,14,Michael Olise,France,FRA,I,player,
FRA-15,15,Ousmane Dembele,France,FRA,I,player,
FRA-16,16,Bradley Barcola,France,FRA,I,player,
FRA-17,17,Desire Doue,France,FRA,I,player,
FRA-18,18,Kingsley Coman,France,FRA,I,player,
FRA-19,19,Hugo Ekitike,France,FRA,I,player,
FRA-20,20,Kylian Mbappe,France,FRA,I,player,
SEN-01,1,Escudo,Senegal,SEN,I,team_badge,
SEN-02,2,Eduardo Mendy,Senegal,SEN,I,player,
SEN-03,3,Yehvann Diouf,Senegal,SEN,I,player,
SEN-04,4,Moussa Niakhate,Senegal,SEN,I,player,
SEN-05,5,Abdoulaye Seck,Senegal,SEN,I,player,
SEN-06,6,Ismail Jakobs,Senegal,SEN,I,player,
SEN-07,7,El Hadji Malick Diouf,Senegal,SEN,I,player,
SEN-08,8,Kalidou Koulibaly,Senegal,SEN,I,player,
SEN-09,9,Idrissa Gana Gueye,Senegal,SEN,I,player,
SEN-10,10,Pape Mamadou Sarr,Senegal,SEN,I,player,
SEN-11,11,Pape Gueye,Senegal,SEN,I,player,
SEN-12,12,Habib Diarra,Senegal,SEN,I,player,
SEN-13,13,Foto Equipo,Senegal,SEN,I,player,
SEN-14,14,Lamine Camara,Senegal,SEN,I,player,
SEN-15,15,Sadio Mane,Senegal,SEN,I,player,
SEN-16,16,Ismaïla Sarr,Senegal,SEN,I,player,
SEN-17,17,Boulaye Dia,Senegal,SEN,I,player,
SEN-18,18,Iliman Ndiaye,Senegal,SEN,I,player,
SEN-19,19,Nicolas Jackson,Senegal,SEN,I,player,
SEN-20,20,Krepin Diatta,Senegal,SEN,I,player,
IRQ-01,1,Escudo,Iraq,IRQ,I,team_badge,
IRQ-02,2,Jalal Hassan,Iraq,IRQ,I,player,
IRQ-03,3,Rebin Sulaka,Iraq,IRQ,I,player,
IRQ-04,4,Hussein Ali,Iraq,IRQ,I,player,
IRQ-05,5,Akam Hashem,Iraq,IRQ,I,player,
IRQ-06,6,Merchas Doski,Iraq,IRQ,I,player,
IRQ-07,7,Zaid Tahseen,Iraq,IRQ,I,player,
IRQ-08,8,Manaf Younis,Iraq,IRQ,I,player,
IRQ-09,9,Zidane Iqbal,Iraq,IRQ,I,player,
IRQ-10,10,Amir Al-Ammari,Iraq,IRQ,I,player,
IRQ-11,11,Ibrahim Bavesh,Iraq,IRQ,I,player,
IRQ-12,12,Ali Jasim,Iraq,IRQ,I,player,
IRQ-13,13,Foto Equipo,Iraq,IRQ,I,player,
IRQ-14,14,Youssef Amyn,Iraq,IRQ,I,player,
IRQ-15,15,Aimar Sher,Iraq,IRQ,I,player,
IRQ-16,16,Marko Farji,Iraq,IRQ,I,player,
IRQ-17,17,Osama Rashid,Iraq,IRQ,I,player,
IRQ-18,18,Ali Al-Hamadi,Iraq,IRQ,I,player,
IRQ-19,19,Aymen Hussein,Iraq,IRQ,I,player,
IRQ-20,20,Mohanad Ali,Iraq,IRQ,I,player,
NOR-01,1,Escudo,Norway,NOR,I,team_badge,
NOR-02,2,Orjan Nyland,Norway,NOR,I,player,
NOR-03,3,Julian Ryerson,Norway,NOR,I,player,
NOR-04,4,Leo Ostigard,Norway,NOR,I,player,
NOR-05,5,Kristoffer Vassbakk Ajer,Norway,NOR,I,player,
NOR-06,6,Marcus Holmgren Pedersen,Norway,NOR,I,player,
NOR-07,7,David Moller Wolfe,Norway,NOR,I,player,
NOR-08,8,Torbjorn Heggem,Norway,NOR,I,player,
NOR-09,9,Morten Thorsby,Norway,NOR,I,player,
NOR-10,10,Martin Odegaard,Norway,NOR,I,player,
NOR-11,11,Sander Berge,Norway,NOR,I,player,
NOR-12,12,Andreas Schjelderup,Norway,NOR,I,player,
NOR-13,13,Foto Equipo,Norway,NOR,I,player,
NOR-14,14,Patrick Berg,Norway,NOR,I,player,
NOR-15,15,Erling Haaland,Norway,NOR,I,player,
NOR-16,16,Alexander Sorloth,Norway,NOR,I,player,
NOR-17,17,Aron Dønnum,Norway,NOR,I,player,
NOR-18,18,Jorgen Strand Larsen,Norway,NOR,I,player,
NOR-19,19,Antonio Musa,Norway,NOR,I,player,
NOR-20,20,Oscar Bobb,Norway,NOR,I,player,
ENG-01,1,Escudo,England,ENG,J,team_badge,
ENG-02,2,Jordan Pickford,England,ENG,J,player,
ENG-03,3,John Stones,England,ENG,J,player,
ENG-04,4,Marc Guehi,England,ENG,J,player,
ENG-05,5,Ezri Konsa,England,ENG,J,player,
ENG-06,6,Trent Alexander-Arnold,England,ENG,J,player,
ENG-07,7,Reece James,England,ENG,J,player,
ENG-08,8,Dan Burn,England,ENG,J,player,
ENG-09,9,Jordan Henderson,England,ENG,J,player,
ENG-10,10,Declan Rice,England,ENG,J,player,
ENG-11,11,Jude Bellingham,England,ENG,J,player,
ENG-12,12,Cole Palmer,England,ENG,J,player,
ENG-13,13,Foto Equipo,England,ENG,J,player,
ENG-14,14,Morgan Rogers,England,ENG,J,player,
ENG-15,15,Anthony Gordon,England,ENG,J,player,
ENG-16,16,Phil Foden,England,ENG,J,player,
ENG-17,17,Bukayo Saka,England,ENG,J,player,
ENG-18,18,Harry Kane,England,ENG,J,player,
ENG-19,19,Marcus Rashford,England,ENG,J,player,
ENG-20,20,Ollie Watkins,England,ENG,J,player,
CRO-01,1,Escudo,Croatia,CRO,J,team_badge,
CRO-02,2,Dominik Livakovic,Croatia,CRO,J,player,
CRO-03,3,Duje Caleta-Car,Croatia,CRO,J,player,
CRO-04,4,Josko Gvardiol,Croatia,CRO,J,player,
CRO-05,5,Josip Stanisic,Croatia,CRO,J,player,
CRO-06,6,Luka Vuskovic,Croatia,CRO,J,player,
CRO-07,7,Josip Sutalo,Croatia,CRO,J,player,
CRO-08,8,Kristijan Jakic,Croatia,CRO,J,player,
CRO-09,9,Luka Modric,Croatia,CRO,J,player,
CRO-10,10,Mateo Kovacic,Croatia,CRO,J,player,
CRO-11,11,Martin Baturina,Croatia,CRO,J,player,
CRO-12,12,Lovro Majer,Croatia,CRO,J,player,
CRO-13,13,Foto Equipo,Croatia,CRO,J,player,
CRO-14,14,Mario Pasalic,Croatia,CRO,J,player,
CRO-15,15,Petar Suicic,Croatia,CRO,J,player,
CRO-16,16,Ivan Perisic,Croatia,CRO,J,player,
CRO-17,17,Marco Pasalic,Croatia,CRO,J,player,
CRO-18,18,Ante Budimir,Croatia,CRO,J,player,
CRO-19,19,Andrej Kramaric,Croatia,CRO,J,player,
CRO-20,20,Franjo Ivanovic,Croatia,CRO,J,player,
GHA-01,1,Escudo,Ghana,GHA,J,team_badge,
GHA-02,2,Lawrence Ati Zigi,Ghana,GHA,J,player,
GHA-03,3,Tariq Lamptey,Ghana,GHA,J,player,
GHA-04,4,Mohammed Salisu,Ghana,GHA,J,player,
GHA-05,5,Alidu Seidu,Ghana,GHA,J,player,
GHA-06,6,Alexanderr Djiku,Ghana,GHA,J,player,
GHA-07,7,Gideon Mensah,Ghana,GHA,J,player,
GHA-08,8,Caleb Yirenkyi,Ghana,GHA,J,player,
GHA-09,9,Abdul Issahaku Fatawu,Ghana,GHA,J,player,
GHA-10,10,Thomas Partey,Ghana,GHA,J,player,
GHA-11,11,Salis Abdul Samed,Ghana,GHA,J,player,
GHA-12,12,Kamaldeen Sulemana,Ghana,GHA,J,player,
GHA-13,13,Foto Equipo,Ghana,GHA,J,player,
GHA-14,14,Mohammed Kudus,Ghana,GHA,J,player,
GHA-15,15,Inaki Williams,Ghana,GHA,J,player,
GHA-16,16,Jordan Ayew,Ghana,GHA,J,player,
GHA-17,17,Andre Ayew,Ghana,GHA,J,player,
GHA-18,18,Joseph Paintsil,Ghana,GHA,J,player,
GHA-19,19,Osman Bukari,Ghana,GHA,J,player,
GHA-20,20,Antoine Semenyo,Ghana,GHA,J,player,
PAN-01,1,Escudo,Panama,PAN,J,team_badge,
PAN-02,2,Orlando Mosquera,Panama,PAN,J,player,
PAN-03,3,Luis Mejia,Panama,PAN,J,player,
PAN-04,4,Fidel Escobar,Panama,PAN,J,player,
PAN-05,5,Andres Andrade,Panama,PAN,J,player,
PAN-06,6,Michael Amir Murillo,Panama,PAN,J,player,
PAN-07,7,Eric Davies,Panama,PAN,J,player,
PAN-08,8,Jose Cordoba,Panama,PAN,J,player,
PAN-09,9,Cesar Blackman,Panama,PAN,J,player,
PAN-10,10,Cristian Martin,Panama,PAN,J,player,
PAN-11,11,Anibal Godoy,Panama,PAN,J,player,
PAN-12,12,Adalberto Carrasquilla,Panama,PAN,J,player,
PAN-13,13,Foto Equipo,Panama,PAN,J,player,
PAN-14,14,Edgar Barcenas,Panama,PAN,J,player,
PAN-15,15,Carlos Harvey,Panama,PAN,J,player,
PAN-16,16,Ismael Diaz,Panama,PAN,J,player,
PAN-17,17,Jose Fajardo,Panama,PAN,J,player,
PAN-18,18,Cecilio Waterman,Panama,PAN,J,player,
PAN-19,19,Jose Luis Rodriguez,Panama,PAN,J,player,
PAN-20,20,Alberto Quintero,Panama,PAN,J,player,
FWC-09,1,Italia - Mundial Italia 1934,FIFA,FWC,,fwc_special,
FWC-10,2,Uruguay - Mundial Brasil 1950,FIFA,FWC,,fwc_special,
FWC-11,3,Alemania - Mundial Suiza 1964,FIFA,FWC,,fwc_special,
FWC-12,4,Brasil - Mundial Chile 1962,FIFA,FWC,,fwc_special,
FWC-13,5,Alemania - Mundial Alemania 1974,FIFA,FWC,,fwc_special,
FWC-14,6,Argentina - Mundial Mexico 1986,FIFA,FWC,,fwc_special,
FWC-15,7,Brasil - Mundial USA 1994,FIFA,FWC,,fwc_special,
FWC-16,8,Brasil - Mundial Corea - Japon 2002,FIFA,FWC,,fwc_special,
FWC-17,9,Italia - Mundial Alemania 2006,FIFA,FWC,,fwc_special,
FWC-18,10,Alemania - Mundial Brasil 2014,FIFA,FWC,,fwc_special,
FWC-19,11,Argentina - Mundial Catar 2022,FIFA,FWC,,fwc_special,
EXTRA-messi-purple,1,Lionel Messi,Argentina,ARG,,special,purple
EXTRA-messi-bronze,2,Lionel Messi,Argentina,ARG,,special,bronze
EXTRA-messi-silver,3,Lionel Messi,Argentina,ARG,,special,silver
EXTRA-messi-gold,4,Lionel Messi,Argentina,ARG,,special,gold
EXTRA-doku-purple,1,Jérémy Doku,Belgium,BEL,,special,purple
EXTRA-doku-bronze,2,Jérémy Doku,Belgium,BEL,,special,bronze
EXTRA-doku-silver,3,Jérémy Doku,Belgium,BEL,,special,silver
EXTRA-doku-gold,4,Jérémy Doku,Belgium,BEL,,special,gold
EXTRA-vinicius-purple,1,Vinícius Júnior,Brazil,BRA,,special,purple
EXTRA-vinicius-bronze,2,Vinícius Júnior,Brazil,BRA,,special,bronze
EXTRA-vinicius-silver,3,Vinícius Júnior,Brazil,BRA,,special,silver
EXTRA-vinicius-gold,4,Vinícius Júnior,Brazil,BRA,,special,gold
EXTRA-davies-purple,1,Alphonso Davies,Canada,CAN,,special,purple
EXTRA-davies-bronze,2,Alphonso Davies,Canada,CAN,,special,bronze
EXTRA-davies-silver,3,Alphonso Davies,Canada,CAN,,special,silver
EXTRA-davies-gold,4,Alphonso Davies,Canada,CAN,,special,gold
EXTRA-diaz-purple,1,Luis Díaz,Colombia,COL,,special,purple
EXTRA-diaz-bronze,2,Luis Díaz,Colombia,COL,,special,bronze
EXTRA-diaz-silver,3,Luis Díaz,Colombia,COL,,special,silver
EXTRA-diaz-gold,4,Luis Díaz,Colombia,COL,,special,gold
EXTRA-modric-purple,1,Luka Modrić,Croatia,CRO,,special,purple
EXTRA-modric-bronze,2,Luka Modrić,Croatia,CRO,,special,bronze
EXTRA-modric-silver,3,Luka Modrić,Croatia,CRO,,special,silver
EXTRA-modric-gold,4,Luka Modrić,Croatia,CRO,,special,gold
EXTRA-caicedo-purple,1,Moisés Caicedo,Ecuador,ECU,,special,purple
EXTRA-caicedo-bronze,2,Moisés Caicedo,Ecuador,ECU,,special,bronze
EXTRA-caicedo-silver,3,Moisés Caicedo,Ecuador,ECU,,special,silver
EXTRA-caicedo-gold,4,Moisés Caicedo,Ecuador,ECU,,special,gold
EXTRA-salah-purple,1,Mohamed Salah,Egypt,EGY,,special,purple
EXTRA-salah-bronze,2,Mohamed Salah,Egypt,EGY,,special,bronze
EXTRA-salah-silver,3,Mohamed Salah,Egypt,EGY,,special,silver
EXTRA-salah-gold,4,Mohamed Salah,Egypt,EGY,,special,gold
EXTRA-bellingham-purple,1,Jude Bellingham,England,ENG,,special,purple
EXTRA-bellingham-bronze,2,Jude Bellingham,England,ENG,,special,bronze
EXTRA-bellingham-silver,3,Jude Bellingham,England,ENG,,special,silver
EXTRA-bellingham-gold,4,Jude Bellingham,England,ENG,,special,gold
EXTRA-mbappe-purple,1,Kylian Mbappé,France,FRA,,special,purple
EXTRA-mbappe-bronze,2,Kylian Mbappé,France,FRA,,special,bronze
EXTRA-mbappe-silver,3,Kylian Mbappé,France,FRA,,special,silver
EXTRA-mbappe-gold,4,Kylian Mbappé,France,FRA,,special,gold
EXTRA-wirtz-purple,1,Florian Wirtz,Germany,GER,,special,purple
EXTRA-wirtz-bronze,2,Florian Wirtz,Germany,GER,,special,bronze
EXTRA-wirtz-silver,3,Florian Wirtz,Germany,GER,,special,silver
EXTRA-wirtz-gold,4,Florian Wirtz,Germany,GER,,special,gold
EXTRA-jimenez-purple,1,Raúl Jiménez,Mexico,MEX,,special,purple
EXTRA-jimenez-bronze,2,Raúl Jiménez,Mexico,MEX,,special,bronze
EXTRA-jimenez-silver,3,Raúl Jiménez,Mexico,MEX,,special,silver
EXTRA-jimenez-gold,4,Raúl Jiménez,Mexico,MEX,,special,gold
EXTRA-hakimi-purple,1,Achraf Hakimi,Morocco,MAR,,special,purple
EXTRA-hakimi-bronze,2,Achraf Hakimi,Morocco,MAR,,special,bronze
EXTRA-hakimi-silver,3,Achraf Hakimi,Morocco,MAR,,special,silver
EXTRA-hakimi-gold,4,Achraf Hakimi,Morocco,MAR,,special,gold
EXTRA-gakpo-purple,1,Cody Gakpo,Netherlands,NED,,special,purple
EXTRA-gakpo-bronze,2,Cody Gakpo,Netherlands,NED,,special,bronze
EXTRA-gakpo-silver,3,Cody Gakpo,Netherlands,NED,,special,silver
EXTRA-gakpo-gold,4,Cody Gakpo,Netherlands,NED,,special,gold
EXTRA-haaland-purple,1,Erling Haaland,Norway,NOR,,special,purple
EXTRA-haaland-bronze,2,Erling Haaland,Norway,NOR,,special,bronze
EXTRA-haaland-silver,3,Erling Haaland,Norway,NOR,,special,silver
EXTRA-haaland-gold,4,Erling Haaland,Norway,NOR,,special,gold
EXTRA-ronaldo-purple,1,Cristiano Ronaldo,Portugal,POR,,special,purple
EXTRA-ronaldo-bronze,2,Cristiano Ronaldo,Portugal,POR,,special,bronze
EXTRA-ronaldo-silver,3,Cristiano Ronaldo,Portugal,POR,,special,silver
EXTRA-ronaldo-gold,4,Cristiano Ronaldo,Portugal,POR,,special,gold
EXTRA-son-purple,1,Heung-min Son, Korea Republic,KOR,,special,purple
EXTRA-son-bronze,2,Heung-min Son, Korea Republic,KOR,,special,bronze
EXTRA-son-silver,3,Heung-min Son, Korea Republic,KOR,,special,silver
EXTRA-son-gold,4,Heung-min Son, Korea Republic,KOR,,special,gold
EXTRA-yamal-purple,1,Lamine Yamal,Spain,ESP,,special,purple
EXTRA-yamal-bronze,2,Lamine Yamal,Spain,ESP,,special,bronze
EXTRA-yamal-silver,3,Lamine Yamal,Spain,ESP,,special,silver
EXTRA-yamal-gold,4,Lamine Yamal,Spain,ESP,,special,gold
EXTRA-pulisic-purple,1,Christian Pulisic,USA,USA,,special,purple
EXTRA-pulisic-bronze,2,Christian Pulisic,USA,USA,,special,bronze
EXTRA-pulisic-silver,3,Christian Pulisic,USA,USA,,special,silver
EXTRA-pulisic-gold,4,Christian Pulisic,USA,USA,,special,gold
EXTRA-valverde-purple,1,Federico Valverde,Uruguay,URU,,special,purple
EXTRA-valverde-bronze,2,Federico Valverde,Uruguay,URU,,special,bronze
EXTRA-valverde-silver,3,Federico Valverde,Uruguay,URU,,special,silver
EXTRA-valverde-gold,4,Federico Valverde,Uruguay,URU,,special,gold
CC-01,1,Lamine Yamal - Spain,Spain,ESP,,coca_cola,
CC-02,2,Joshua Kimmich - Germany,Germany,GER,,coca_cola,
CC-03,3,Eduardo Camavinga - France,France,FRA,,coca_cola,
CC-04,4,Josko Gvardiol - Croatia,Croatia,CRO,,coca_cola,
CC-05,5,Federico Valverde - Uruguay,Uruguay,URU,,coca_cola,
CC-06,6,Virgil van Dijk - Netherlands,Netherlands,NED,,coca_cola,
CC-07,7,Alphonso Davies - Canada,Canada,CAN,,coca_cola,
CC-08,8,Raúl Jiménez - Mexico,Mexico,MEX,,coca_cola,
CC-09,9,William Saliba - France,France,FRA,,coca_cola,
CC-10,10,Lautaro Martínez - Argentina,Argentina,ARG,,coca_cola,
CC-11,11,Harry Kane - England,England,ENG,,coca_cola,
CC-12,12,Antonee Robinson - USA,USA,USA,,coca_cola,
